弶港支行,弶港居委会
弶港支行,弶南居委会
弶港支行,果林场
弶港支行,海堤居委会
弶港支行,黄海居委会
弶港支行,尖南村委会
弶港支行,六里居委会
弶港支行,前哨村委会
弶港支行,新港居委会
弶港支行,镇海居委会
安丰支行,安东居委会
安丰支行,大港居委会
安丰支行,东风居委会
安丰支行,东光村委会
安丰支行,丰西村委会
安丰支行,丰新村委会
安丰支行,红安村委会
安丰支行,九桥村委会
安丰支行,联合村委会
安丰支行,同明村委会
安丰支行,五进村委会
安丰支行,下灶居委会
安丰支行,新榆村委会
安丰支行,洋洼村委会
八里支行,八里小街
八里支行,东风村委会
八里支行,海滨居委会
八里支行,潘堡村委会
八里支行,新海村委会
八里支行,新镇居委会
八里支行,盐坝分场
八里支行,盐村村委会
包灶支行,安云村委会
包灶支行,包灶居委会
包灶支行,才琴村委会
包灶支行,陈丿村委会
包灶支行,大桥村委会
包灶支行,港桥村委会
包灶支行,庆丰村委会
曹丿支行,曹丿居委会
曹丿支行,港东村委会
曹丿支行,顾丿村委会
曹丿支行,韩文村委会
曹丿支行,华丿居委会
曹丿支行,黄尖村委会-曹丿镇
曹丿支行,姜祝村委会
曹丿支行,潘港村委会
曹丿支行,双中村委会
曹丿支行,下舍村委会
曹丿支行,新曹农场社区-曹丿镇
曹丿支行,张港居委会
东风支行,东旭村委会
东风支行,通榆村委会
东风支行,跃进村委会
范公支行,蔡六居委会
范公支行,和平村委会
范公支行,梁洼村委会
范公支行,吕港村委会
范公支行,潘舍村委会
范公支行,钱陈村委会
范公支行,三灶居委会
富安支行,安澜村委会
富安支行,坝桥村委会
富安支行,北街居委会
富安支行,乘胜村委会
富安支行,丁庄村委会
富安支行,富宝村委会
富安支行,富北村委会
富安支行,建团村委会
富安支行,久胜村委会
富安支行,九九村委会
富安支行,梁一村委会
富安支行,龙港村委会
富安支行,孟庄村委会
富安支行,勤丰村委会
富安支行,石桥村委会
富安支行,双富居委会
富安支行,湾港村委会
富安支行,王桑村委会
富安支行,西场村委会
富安支行,小东村委会
富安支行,竹林村委会
富安支行,圩里村委会
富东支行,富民村委会-富安镇
富东支行,弓湾村委会
富东支行,集贤村委会
富东支行,米港村委会
富东支行,桥梓居委会
富东支行,沙港村委会
富东支行,上灶村委会
富东支行,十灶村委会
富东支行,团结村委会
富东支行,元九村委会
富东支行,仲灶村委会
广山支行,仇家堡居委会
广山支行,辞郎村委会
广山支行,广山村委会
广山支行,胡家堡居委会
广山支行,摹云村委会
广山支行,双超村委会
广山支行,四新村委会
广山支行,仙河村委会
广山支行,殷庄村委会
广山支行,祖泽村委会
海丰支行,卞团村委会
海丰支行,海丰居委会
海丰支行,海堰村委会
海丰支行,南庄村委会
海丰支行,双坝村委会
海丰支行,苏何村委会
海丰支行,天洋村委会
海丰支行,团北居委会
后港支行,陈庄村委会
后港支行,存山村委会
后港支行,港西村委会
后港支行,后港居委会
后港支行,建东村委会
后港支行,姜林村委会
后港支行,九龙村委会
后港支行,六烈村委会
后港支行,倪莫村委会
后港支行,沙杨村委会
后港支行,双先村委会
后港支行,杨沈村委会
后港支行,雍庄村委会
后港支行,缪陈村委会
廉贻支行,车南村委会
廉贻支行,丁北村委会
廉贻支行,东里村委会
廉贻支行,甘港村委会
廉贻支行,郭古村委会
廉贻支行,计南村委会
廉贻支行,进洋村委会
廉贻支行,景娄村委会
廉贻支行,兴联村委会
廉贻支行,薛岗村委会
廉贻支行,张垛村委会
廉贻支行,张岳村委会
廉贻支行,镇中居委会-东台镇
廉贻支行,镇中居委会-五烈镇
梁垛支行,安洋村委会
梁垛支行,高柳村委会
梁垛支行,梁北村委会
梁垛支行,梁垛村委会
梁垛支行,梁南村委会
梁垛支行,梁西村委会
梁垛支行,如意村委会
梁垛支行,舍港村委会
梁垛支行,沈倪村委会
梁垛支行,水产场-梁垛镇
梁垛支行,殷乐村委会
梁垛支行,永和村委会
梁垛支行,中联村委会
六灶支行,海联村委会
六灶支行,黄尖村委会-六灶镇
六灶支行,金东村委会
六灶支行,金康村委会
六灶支行,金灶村委会
六灶支行,练坳村委会
六灶支行,六灶居委会
六灶支行,前进村委会
六灶支行,沈河村委会
六灶支行,袁陈村委会
南沈灶支行,常灶村委会
南沈灶支行,晨光村委会
南沈灶支行,东刘村委会
南沈灶支行,贾坝村委会
南沈灶支行,金星村委会
南沈灶支行,李灶村委会
南沈灶支行,唐西村委会
南沈灶支行,天鹅村委会
南沈灶支行,万桥村委会
南沈灶支行,新丰村委会
南沈灶支行,兆丰居委会
牌楼支行,牌楼村委会
牌楼支行,小樊村委会
七一桥支行,沙灶村委会
七一桥支行,万行村委会
七一桥支行,新纪村委会
七一桥支行,新兴村委会
七一桥支行,一仓村委会
三仓支行,八一村委会
三仓支行,仓胜村委会
三仓支行,官苴村委会
三仓支行,华美村委会
三仓支行,龙舍村委会
三仓支行,新墩村委会
三仓支行,新桥居委会-三仓镇
三仓支行,新舍村委会
三仓支行,新五村委会
三仓支行,新元居委会
三仓支行,洋中村委会
三仓支行,镇北居委会
三仓支行,镇东居委会
三仓支行,镇南居委会
三仓支行,镇西居委会
时堰支行,丁谢村委会
时堰支行,红庄村委会
时堰支行,进胜村委会
时堰支行,茂富村委会
时堰支行,三时村委会
时堰支行,双溪村委会
时堰支行,双星村委会
时堰支行,谭庄村委会
时堰支行,塘坝村委会
时堰支行,塘东村委会
时堰支行,陶庄村委会
时堰支行,五星村委会
时堰支行,新嵇村委会
时堰支行,周舍村委会
时堰支行,嵇东村委会
四灶支行,东丰村委会
四灶支行,富民村委会-东台镇
四灶支行,富旗村委会
四灶支行,富洋村委会
四灶支行,官北村委会
四灶支行,官楼村委会
四灶支行,华灶村委会
四灶支行,上官居委会
四灶支行,四灶居委会
四灶支行,西楼村委会
四灶支行,小街-四灶镇
四灶支行,兴房村委会
四灶支行,兴灶村委会-东台镇
四灶支行,盈河村委会
台东支行,北海居委会
台东支行,垛南村委会
台东支行,垛团村委会
台东支行,富新居委会
台东支行,红光居委会
台东支行,红烈村委会
台东支行,普新村委会
台东支行,双新村委会
台东支行,新团居委会
台东支行,正团村委会
台东支行,中合村委会
台东支行,蟒河村委会
台南支行,大凡村委会
台南支行,单南村委会
台南支行,丁堡村委会
台南支行,董贤村委会
台南支行,高窑村委会
台南支行,鹤伦居委会
台南支行,孔堡村委会
台南支行,临塔村委会
台南支行,牌沟村委会
台南支行,双河村委会
台南支行,水产场-台南镇
台南支行,四港村委会
台南支行,泰河村委会
台南支行,通城村委会
台南支行,兴鹤村委会
台南支行,张倪村委会
台南支行,中南村委会
唐新路支行,堤东村委会
唐新路支行,东海村委会
唐新路支行,丰桥村委会
唐新路支行,双洋村委会
唐新路支行,沿海村委会
唐新路支行,周洋村委会
唐洋支行,安建村委会
唐洋支行,朝福村委会
唐洋支行,二总村委会
唐洋支行,鼓劲村委会
唐洋支行,官坝村委会
唐洋支行,郭沙村委会
唐洋支行,红花村委会
唐洋支行,红色村委会
唐洋支行,乐元村委会
唐洋支行,联灶村委会
唐洋支行,十里村委会
唐洋支行,唐胜村委会
唐洋支行,万红村委会
唐洋支行,王环村委会
唐洋支行,新储村委会
唐洋支行,新元村委会
唐洋支行,心红村委会
唐洋支行,许腰村委会
唐洋支行,张灶村委会
唐洋支行,中苴村委会
唐洋支行,众新村委会
头灶支行,保丰居委会
头灶支行,陈章村委会
头灶支行,川港村委会
头灶支行,建设村委会
头灶支行,小街-头灶镇
头灶支行,新合村委会
头灶支行,兴灶村委会-头灶镇
头灶支行,徐灶居委会
头灶支行,永红村委会
头灶支行,中渠村委会
五烈支行,大同村委会
五烈支行,乐意居委会
五烈支行,祁刘村委会
五烈支行,三联村委会
五烈支行,沙河村委会
五烈支行,唐介居委会
五烈支行,文华村委会
五烈支行,谢庄村委会
五烈支行,扎垛居委会
五烈支行,镇南村委会
五烈支行,郑介居委会
新曹支行,蹲门居委会
新曹支行,花舍村委会
新曹支行,姜墩村委会
新曹支行,王港居委会
新曹支行,新曹农场社区-新曹镇
新曹支行,新先村委会
新曹支行,新洋村委会
新曹支行,新灶村委会
新曹支行,中来村委会
新东支行,边闸村委会
新东支行,堤利村委会
新东支行,双墩村委会
新东支行,新川村委会
新东支行,新东农场
新东支行,沿堤村委会
新东支行,渔舍居委会
新街支行,陈文村委会
新街支行,东兴村委会
新街支行,方东村委会
新街支行,方塘村委会
新街支行,葛墩村委会
新街支行,郝苴村委会
新街支行,建洋村委会
新街支行,街北村委会
新街支行,九总村委会
新街支行,来东村委会
新街支行,邱墩村委会
新街支行,新街村委会
新农支行,陈林村委会
新农支行,机场村委会
新农支行,兰址村委会
新农支行,联北村委会
新农支行,联边村委会
新农支行,联南村委会
新农支行,临海居委会
新农支行,强西村委会
新农支行,三兴村委会
新农支行,双楼村委会
新农支行,新农居委会
许河支行,板鱼村委会
许河支行,丁河村委会
许河支行,东进村委会
许河支行,高墩村委会
许河支行,高中村委会
许河支行,联富村委会
许河支行,芦河村委会
许河支行,三苴村委会
许河支行,四仓村委会
许河支行,四联村委会
许河支行,西灶村委会
许河支行,小街-许河镇
许河支行,许北村委会
许河支行,许河村委会
许河支行,许乐村委会
许河支行,许南村委会
许河支行,杨河村委会
许河支行,腰余村委会
许河支行,元东村委会
许河支行,元官村委会
许河支行,云集村委会
溱东支行,鲍南村委会
溱东支行,鲍庄村委会
溱东支行,草舍村委会
溱东支行,东街居委会-溱东镇
溱东支行,高桥村委会
溱东支行,开二村委会
溱东支行,开一村委会
溱东支行,罗二居委会
溱东支行,罗一居委会
溱东支行,青二村委会
溱东支行,青一村委会
溱东支行,水产场-溱东镇
溱东支行,夏龙村委会
溱东支行,志刚村委会
溱东支行,周黄村委会
